{"organizationId":"536ec6c5-fd18-47f0-ac98-391c49703b18","groupId":"536ec6c5-fd18-47f0-ac98-391c49703b18","assetId":"american-flight-api2","version":"1.0.4","classifier":"raml","main":"american-flight-api2.raml","name":"American Flight API2","dependencies":[{"groupId":"68ef9520-24e9-4cf2-b2f5-620025690913","assetId":"training-american-flight-data-type","version":"1.0.1"},{"groupId":"68ef9520-24e9-4cf2-b2f5-620025690913","assetId":"training-american-flights-example","version":"1.0.1"}],"tags":[],"metadata":{"projectId":"5ba7523f-32d2-4d4c-bd20-8f5878101d89","branchId":"master","commitId":"4f77177d0835f87be01b0d346e07a1843adc4e2f"},"originalFormatVersion":"1.0","apiVersion":"v1"}